分类,简称,URL,标题关键词,优先级,用途
首页/Landing,,https://seospark.net,AI blog writer - human-like articles in 60 seconds,1.0,首页，全站入口
定价,pricing,https://seospark.net/pricing,SEO Spark simple transparent pricing,0.9,独立定价页
对比,vs ChatGPT,https://seospark.net/vs-chatgpt,SEO Spark vs ChatGPT: Which AI writer ranks on Google,0.9,截流ChatGPT对比搜索
对比,vs Jasper,https://seospark.net/vs-jasper,SEO Spark vs Jasper AI: Best AI blog writer for small business,0.8,截流Jasper对比搜索
对比,vs SurferSEO,https://seospark.net/vs-surferseo,SEO Spark vs SurferSEO: Content creation vs analysis,0.7,截流SurferSEO对比搜索
对比,vs Koala,https://seospark.net/vs-koala,SEO Spark vs Koala AI: Best AI SEO writer for beginners,0.7,截流Koala对比搜索
对比,vs Writesonic,https://seospark.net/vs-writesonic,SEO Spark vs Writesonic: Best AI blog writer for SEO,0.7,截流Writesonic对比搜索
对比,vs Copy.ai,https://seospark.net/vs-copyai,SEO Spark vs Copy.ai: AI blog writer vs AI copywriter,0.7,截流Copy.ai对比搜索
聚合,Alternatives,https://seospark.net/alternatives,SEO Spark alternatives compared,0.8,汇总所有对比页
聚合,Free Tools,https://seospark.net/tools,Free AI writing tools for small business,0.8,工具库入口
博客,SEO Content Guide,https://seospark.net/blog/how-to-write-seo-content-small-business,How to write SEO content for small business,0.8,核心SEO写作指南
博客,Google Ranking 2026,https://seospark.net/blog/how-to-rank-on-google-2026,How to rank on Google in 2026,0.8,排名指南
博客,Small Biz Google Guide,https://seospark.net/blog/small-business-google-ranking-guide,Small business guide to Google rankings,0.8,小企业排名
博客,What is EEAT,https://seospark.net/blog/what-is-eeat-seo,What is EEAT in SEO explained,0.7,EEAT教育
博客,Blog Post Length,https://seospark.net/blog/blog-post-length-for-seo,Blog post length for SEO 2026,0.6,内容长度指南
博客,Meta Descriptions,https://seospark.net/blog/how-to-write-meta-descriptions,How to write meta descriptions that get clicks,0.6,元描述指南
博客,Keyword Research,https://seospark.net/blog/keyword-research-small-business,Keyword research for small business,0.7,关键词研究
博客,Local SEO,https://seospark.net/blog/local-seo-small-business,Local SEO for small business guide,0.6,本地SEO
博客,Blog Frequency,https://seospark.net/blog/how-often-should-business-blog,How often should a small business blog,0.6,发布频率
博客,Content Strategy,https://seospark.net/blog/content-marketing-strategy-small-business,Content marketing strategy for small business,0.7,内容策略
博客,Organic Traffic,https://seospark.net/blog/organic-traffic-tips-2026,How to get organic traffic 2026,0.7,有机流量
博客,AI SEO Trends,https://seospark.net/blog/ai-seo-trends-2026,AI SEO trends 2026,0.7,AI趋势
博客,AI vs Human Writing,https://seospark.net/blog/ai-vs-human-content-2026,AI vs human writing 2026: Can Google tell,0.7,AI写作vs人类
博客,Best AI Writing Tools,https://seospark.net/blog/ai-writing-tools-for-small-business,Best AI blog writers for small business 2026,0.8,AI工具对比
博客,Best Free Blog Tools,https://seospark.net/blog/best-free-blog-writing-tools,Best free blog writing tools 2026,0.7,免费工具
博客,Free SEO Tools,https://seospark.net/blog/free-seo-tools-small-business,7 free SEO tools for small business,0.7,免费SEO工具
博客,Blog Writing Guide,https://seospark.net/blog/blog-writing-for-small-business-guide,Blog writing for small business guide,0.8,博客写作
博客,AI Tools Comparison,https://seospark.net/blog/ai-seo-tools-comparison-2026,ChatGPT vs SEO writing tools comparison,0.8,工具对比
工具,Blog Generator,https://seospark.net/dashboard,AI blog post generator - 60 seconds,0.9,核心产品
工具,Proposal,https://seospark.net/p/proposal,Free AI proposal generator,0.7,免费工具
工具,FAQ Builder,https://seospark.net/p/faq,Free AI FAQ builder,0.7,免费工具
工具,Email Sequences,https://seospark.net/p/email,Free AI email sequence writer,0.7,免费工具
工具,Product Desc,https://seospark.net/p/product,Free AI product description generator,0.7,免费工具
工具,Cold Email,https://seospark.net/p/cold-email,Free AI cold email writer,0.7,免费工具
博客,SEO Mistakes,https://seospark.net/blog/seo-mistakes-small-business,7 SEO mistakes small businesses make,0.7,SEO错误教育
博客,Blogging Benefits,https://seospark.net/blog/benefits-of-blogging-for-business,Benefits of blogging for business,0.6,博客价值教育
博客,Marketing Automation,https://seospark.net/blog/small-business-marketing-automation,Marketing automation for small business,0.7,营销自动化
博客,Content vs Copy,https://seospark.net/blog/content-writing-vs-copywriting,Content writing vs copywriting,0.6,写作区别
博客,Evergreen Content,https://seospark.net/blog/evergreen-content-guide,Evergreen content guide,0.6,常青内容
博客,Traffic Tips,https://seospark.net/blog/blog-traffic-tips,How to increase blog traffic,0.7,流量增长
博客,SEO for Startups,https://seospark.net/blog/seo-for-startups,SEO for startups guide,0.7,创业SEO
博客,Content Distribution,https://seospark.net/blog/content-distribution-strategy,Content distribution strategy,0.6,内容分发
博客,Topic Ideas,https://seospark.net/blog/blog-topic-ideas-generator,Blog topic ideas generator,0.6,选题指南
对比,vs Rytr,https://seospark.net/vs-rytr,SEO Spark vs Rytr AI writer,0.7,截流Rytr
